week,sentiment_mean,sentiment_std,subjectivity_mean,subjectivity_std,counting
2023-19,0.22729637679995016,1.1148603181035144,0.001309789050630561,0.7084623676088239,8.0
2023-20,0.09564194674144241,1.0870790157636878,0.14466824419019905,0.8970391952274828,16.0
2023-21,0.03541920733497382,0.7802308981144743,0.12580191798635218,0.9555220013834012,22.0
2023-22,-0.24877028439151444,0.8725567721043436,0.2628192347776351,0.8932398007932331,27.0
2023-23,0.07279657137503405,0.8737790341768985,-0.2576561472623294,0.8165396443227155,44.0
2023-24,0.034680552562236094,0.4273323310708599,0.14074139370510014,0.9188353838439408,8.0
