topic,sentiment_mean,sentiment_std,subjectivity_mean,subjectivity_std,counting
Brasilien,-0.23586772634838338,1.0,-1.3795432332164457,1.0,1.0
Deutschland,-0.39483538153291287,0.8001582179086231,0.3467783018427947,0.9787581567683179,8.0
Frankreich,0.01960115331076075,0.9495174424193402,-0.030925822008461758,0.9770302321284167,148.0
Italien,0.18840266303118605,0.42197002983709997,-0.343378651124929,0.9402993079366966,4.0
Russland,0.09995748645456584,1.0901365781623062,0.034018213611028414,0.9864235787573327,32.0
Südafrika,-0.09463834764831847,0.8808152607698301,-0.10088834764831851,0.8806306450063692,8.0
UK,0.033627712948589746,1.2480999191665483,0.18600572345845728,0.9187581387268556,9.0
USA,-0.015103170910077308,0.8361371104441843,0.001408370461629161,0.9043050899267877,111.0
Ukraine,0.1384522808671148,1.3144353266873792,0.3805242477142823,0.8101193026377415,10.0
