week,sentiment_mean,sentiment_std,subjectivity_mean,subjectivity_std,counting
2023-19,0.13270603655543195,0.9652221049942814,-0.09263855390197241,0.7869446973687392,10.0
2023-20,0.144575340806427,1.0491912345113432,-0.0253283972360325,1.0081525018791997,37.0
2023-21,-0.13586657524147966,0.7335918711143368,0.054661875472853616,0.9503868710738944,37.0
2023-22,-0.13523774845460598,1.0140088390540805,0.30613172088042384,0.8725708886449179,33.0
2023-23,-0.014118035160482666,0.9053980475895934,-0.16897704596892846,0.8625790524749051,74.0
2023-24,0.3436165620300037,0.7986864686445978,0.29890512372455647,0.9869528866821282,13.0
