week,sentiment_mean,sentiment_std,subjectivity_mean,subjectivity_std,counting
2023-19,0.07588568763855826,1.1313298452823104,0.0342015246563376,0.8646571953102706,41.0
2023-20,0.09750293956980537,1.0281994781131594,0.04913160850509058,0.9775271140907965,223.0
2023-21,-0.06581035842993443,0.9702135431417966,0.08742782976082726,1.165919225353411,433.0
2023-22,0.016954203873252117,1.0109084559831811,0.010273198887979184,0.9556903320575644,279.0
2023-23,0.03073468571651094,0.9641581765926662,-0.07917839127457829,0.9061256169778749,334.0
2023-24,-0.007706294479350223,0.9504302279394704,-0.08315132338012482,0.7582142043074379,366.0
2023-25,-0.04532754842920898,0.8777128828794214,0.06735128398108751,1.0512324051204986,165.0
2023-26,-0.126122201332883,0.8755580875371235,-0.1303849788743795,0.5297090278231282,13.0
2023-27,1.0374512616024796,0.15175152108954115,-0.08190163498491657,0.5649234610663043,4.0
