topic,sentiment_mean,sentiment_std,subjectivity_mean,subjectivity_std,counting
Deutschland,-0.5294864335907381,0.6476269712160283,0.1866549250817659,0.7502086338385467,8.0
Frankreich,0.012899902944605399,0.9661699008931728,0.347172545852067,0.998145349629693,32.0
Italien,0.20027073812665927,0.4361028795937195,-0.19452816437072173,1.0230707882795333,3.0
Russland,-0.5373194492361784,0.19419902748740714,-0.16369313942403757,1.0093145171461062,2.0
UK,0.06007061495825261,1.0439863857135105,-0.0646267544079275,0.8114347749361868,9.0
USA,0.06546262436658083,0.856246797431985,-0.1286219279161444,0.8193176885464408,71.0
