week,sentiment_mean,sentiment_std,subjectivity_mean,subjectivity_std,counting
2023-19,0.11570535490992391,1.1129356973125115,0.014248536573615475,0.8152260337386897,41.0
2023-20,0.12569023080987365,0.9982149411021286,0.03868208844547068,0.9435263697424944,222.0
2023-21,-0.06330050685405202,0.9218648246997472,0.09948403052326153,1.1495425223263926,371.0
2023-22,-0.0030079643752505725,1.0359349280798653,0.011029634176575855,0.9952609762798521,207.0
2023-23,0.041844557942226024,0.9098453076852682,-0.12143840584181848,0.7144808962974902,266.0
2023-24,-0.04285120998776499,0.9740071400514296,-0.06990331117978202,0.85092382599091,253.0
2023-25,-0.261335091121878,0.9856017289384459,0.32277462131132484,1.5360058082483978,20.0
