week,sentiment_mean,sentiment_std,subjectivity_mean,subjectivity_std,counting
2023-19,0.1515660409484778,1.115403095895055,0.10672650526208352,0.9573752460357856,41.0
2023-20,0.14461748398121846,0.9994171225337342,-0.03608005403894816,0.9466441399951332,174.0
2023-21,-0.08973579159933981,0.7914976381384542,0.06007237149449405,1.2075051858093067,176.0
2023-22,-0.11239091115301324,0.970566470786875,0.044158326592018037,0.9800522706720262,127.0
2023-23,0.027641468716129897,1.0091375478640439,-0.06078050702519653,0.7268218138520941,168.0
2023-24,-0.03240727077887485,0.9581542741612358,-0.006387287618488384,0.8098734893623621,113.0
