topic,sentiment_mean,sentiment_std,subjectivity_mean,subjectivity_std,counting
Brasilien,-0.23586772634838338,1.0,-1.3795432332164457,1.0,1.0
Deutschland,-0.39483538153291287,0.8001582179086231,0.3467783018427947,0.9787581567683179,8.0
Frankreich,0.016095796867669977,0.9490959580684433,-0.031335413123100786,0.9767878860872566,148.0
Italien,0.18840266303118605,0.42197002983709997,-0.343378651124929,0.9402993079366966,4.0
Russland,0.09794786430734936,1.0914910840449832,0.02915940472978584,0.9838749081978986,32.0
Südafrika,-0.09463834764831847,0.8808152607698301,-0.10088834764831851,0.8806306450063692,8.0
UK,0.005273795001153658,1.2907194838862162,0.22111700568178558,0.9598934218164444,9.0
USA,-0.0073523337473972925,0.8367896499685341,0.0004949907929580289,0.9044583798490048,114.0
Ukraine,0.1384522808671148,1.3144353266873792,0.3805242477142823,0.8101193026377415,10.0
