week,sentiment_mean,sentiment_std,subjectivity_mean,subjectivity_std,counting
2023-19,0.1777640323044588,1.105947014832743,-0.05117885471196258,0.8625065228910123,9.0
2023-20,0.08037104178614408,1.0911491672037998,-0.024078413582343597,0.9576537354041973,24.0
2023-21,-0.058197005578028614,0.7831867679927464,0.050791925929153055,0.884022851372004,31.0
2023-22,-0.25637839639696247,0.8787523014706178,0.2918805826438061,0.8928542690334711,29.0
2023-23,0.055360568849122715,0.8440936951014852,-0.23249805548297267,0.8210546472255139,48.0
2023-24,0.38408026761259195,0.8063700347594761,0.3874804105334912,1.0252848538922175,10.0
