topic,sentiment_mean,sentiment_std,subjectivity_mean,subjectivity_std,counting
Deutschland,-0.38617247822892753,0.7296160910096767,0.19420967205531953,0.7950707692740295,8.0
Frankreich,-0.05289720610691905,0.8639848686004382,0.08372280319349441,0.9507407526304049,69.0
Italien,0.20199705325897666,0.41805665003866865,-0.347268766949388,0.9234258841795563,4.0
Russland,0.1672905299774966,1.1220874908767169,-0.047513958072591726,1.0160389596275532,30.0
Südafrika,-0.09463834764831847,0.8808152607698301,-0.10088834764831851,0.8806306450063692,8.0
UK,0.016749955438345898,1.0756385199162404,0.013317079786952303,0.841428401052045,9.0
USA,0.02300513389231835,0.8751682842474939,-0.11197338353329482,0.8940149495281449,79.0
Ukraine,0.10878320289162109,1.194881761261606,0.32409923232398136,0.83346853236022,10.0
