week,sentiment_mean,sentiment_std,subjectivity_mean,subjectivity_std,counting
2023-19,0.07781937603771492,1.1228974940971197,0.028809195504893807,0.8599753500070197,41.0
2023-20,0.0978053656863353,1.0200071249983598,0.043628246705830195,0.9661430669536355,223.0
2023-21,-0.07077395585385933,0.9599700996085595,0.0839154368189426,1.156136543169436,433.0
2023-22,0.015714873260958873,1.0023333796736182,0.004110323332460911,0.9467645117376305,278.0
2023-23,0.027712784952102668,0.9614728248495982,-0.08946099814341056,0.8968985573603863,331.0
2023-24,-0.01978109426186861,0.9497129218177528,-0.08795776582602796,0.7496018933973947,364.0
2023-25,0.0229395378448657,0.9098763641007119,0.14825883694786735,1.1175387598496729,125.0
