week,sentiment_mean,sentiment_std,subjectivity_mean,subjectivity_std,counting
2023-19,0.13920530559037525,1.1249075351722873,0.09513822278674589,0.9559590442596086,41.0
2023-20,0.16302707293130683,0.9730984715406125,-0.021806080145769277,0.9429759801047677,200.0
2023-21,-0.11235306828795127,0.8227400212354122,0.06451374541832008,1.1859664188269357,194.0
2023-22,-0.11565536913913223,0.9586760855484634,0.050068965732269884,0.9568086994663949,138.0
2023-23,0.024986504873887736,0.9894655087082835,-0.06912263156186954,0.749215440947155,179.0
2023-24,-0.01686887571521311,0.9889690525092113,-0.017642680801635974,0.8460697094772527,123.0
