topic,sentiment_mean,sentiment_std,subjectivity_mean,subjectivity_std,counting
Deutschland,-0.38617247822892753,0.7296160910096767,0.19420967205531953,0.7950707692740295,8.0
Frankreich,-0.04322040270708875,0.8985789728795531,0.11497143190175702,0.9784624804890584,60.0
Italien,0.24015164905764272,0.5034107715166346,-0.2407744961160326,1.1004666587576493,3.0
Russland,0.1287169761672894,1.0788524096869052,-0.09961452889610073,0.9803209379360441,29.0
UK,0.016749955438345898,1.0756385199162404,0.013317079786952303,0.841428401052045,9.0
USA,0.01993939688261558,0.8559878058344232,-0.1250212462931913,0.8735560693706029,79.0
Ukraine,0.09396922688805812,1.1771937694931118,0.3239905222690496,0.8335261292516931,10.0
