week,sentiment_mean,sentiment_std,subjectivity_mean,subjectivity_std,counting
2023-19,0.023366785791055306,0.8929054615959212,-0.24668900944144928,0.9393825852189216,21.0
2023-20,0.14990702899411235,1.036364577227447,0.025563919491437704,1.023554835907665,81.0
2023-21,-0.2809311256633598,0.7255570337195912,0.034399313632453986,0.980268357295226,75.0
2023-22,-0.03906480977782679,1.0616052749079559,0.21697772895910855,0.9114551914127116,46.0
2023-23,0.06025839012098057,0.9403299061712999,-0.11135113439059027,0.8574716466835133,99.0
2023-24,0.28295883832586527,0.7583352101401153,0.3518429388262421,0.9597729677477627,18.0
