topic,sentiment_mean,sentiment_std,subjectivity_mean,subjectivity_std,counting
Deutschland,-0.4853236270695007,0.6151642390855471,0.1812090891974681,0.7520618698116671,8.0
Frankreich,0.03836835164882223,0.8679169827659189,0.20081199473223643,1.0202746279537258,34.0
Italien,0.24015164905764272,0.5034107715166346,-0.2407744961160326,1.1004666587576493,3.0
Russland,0.142385132666099,1.0341289648896594,-0.15467087173872415,0.9261835638535548,15.0
UK,0.07026029690191593,1.0503266675917426,-0.04972247756071882,0.8032453974868465,9.0
USA,0.021203540990948788,0.8786941617914382,-0.07642126747196298,0.8578847202014214,76.0
