topic,sentiment_mean,sentiment_std,subjectivity_mean,subjectivity_std,counting
Brasilien,-0.3155999733013398,1.0,-1.4932513641107903,1.0,1.0
Deutschland,-0.4039840475235615,0.8336670176687585,0.4205761143923333,1.0499537702154174,8.0
Frankreich,-0.0010976769917777085,0.9591889799990719,0.03586264743706549,1.0455866332584465,222.0
Italien,0.23640522358054922,0.45754492186011214,-0.3204846763036103,0.9376401465359888,4.0
Russland,0.13983566083896165,1.1167836108330391,-0.094187689050621,0.7032279227255459,32.0
Südafrika,-0.09463834764831847,0.8808152607698301,-0.10088834764831851,0.8806306450063692,8.0
UK,0.08289548108423533,1.3208280887463182,0.31143015468798785,0.9657643444597436,10.0
USA,-0.017619039367660072,0.8329804265408514,-0.05226033438635024,0.8346851367950429,122.0
Ukraine,0.1415808122283016,1.350176567911986,0.38993312886550713,0.8087430232665292,10.0
