week,sentiment_mean,sentiment_std,subjectivity_mean,subjectivity_std,counting
2023-19,0.024820311307740588,0.893299809175553,-0.25287853079011896,0.9387451844425176,21.0
2023-20,0.14166449377972626,1.0384836932534365,0.04027091615984095,1.0260684136214338,79.0
2023-21,-0.26884487057188405,0.7276655275620295,0.03548884407331405,0.9795560011955845,75.0
2023-22,-0.03600967251047284,1.0616654878842016,0.22029841778977172,0.9178680954462584,46.0
2023-23,0.06480773144996614,0.9388855534982751,-0.11072419222832877,0.8593894881303374,99.0
2023-24,0.26566583271831645,0.7716885501611298,0.2974055415314436,0.940602498917573,17.0
