week,sentiment_mean,sentiment_std,subjectivity_mean,subjectivity_std,counting
2023-19,0.08611841684131356,1.1208941843774178,0.0285034959666789,0.84627320534045,41.0
2023-20,0.09982221426806007,1.011962726534828,0.03852383972782349,0.9547379434202236,223.0
2023-21,-0.07444375671123728,0.9624927088481244,0.1020021488048711,1.159641213944463,408.0
2023-22,0.0034463569503542114,1.012379822975496,0.028938726726246075,0.962430895615254,256.0
2023-23,0.05169211776369035,0.9489161998197413,-0.09374041616137628,0.8701903496643084,325.0
2023-24,-0.01660887845330775,0.9466945874345166,-0.09473554101668623,0.744745817722503,352.0
2023-25,-0.05280534179852941,0.8854557649205552,0.1330591859608799,1.2652986404944264,77.0
