week,sentiment_mean,sentiment_std,subjectivity_mean,subjectivity_std,counting
2023-19,0.08611841684131356,1.1208941843774178,0.0285034959666789,0.84627320534045,41.0
2023-20,0.09960052810137206,1.0115164091275393,0.03732210433984899,0.9547058613896476,223.0
2023-21,-0.07462482788061288,0.9617962681494409,0.10080027125097119,1.1593900400644555,408.0
2023-22,0.002905394848113278,1.011248639186453,0.027665864611839768,0.9623310838154981,256.0
2023-23,0.05136483028507002,0.9485691451237206,-0.09456640281463456,0.8700011588633684,325.0
2023-24,-0.01620165897797082,0.9475486801641633,-0.09297925229912185,0.744255935444007,351.0
2023-25,-0.0507550848918603,0.8906477087306998,0.14325020835805788,1.2696816660557502,76.0
