week,sentiment_mean,sentiment_std,subjectivity_mean,subjectivity_std,counting
2023-19,0.12811776105677744,1.1074452968970179,0.05319077099358814,0.8950236210908417,41.0
2023-20,0.18162181216167222,0.9692850287810524,-0.04389473552677747,0.8959686797962704,202.0
2023-21,-0.08374289888840461,0.9298549219243736,0.10902793721238375,1.1913979398855965,280.0
2023-22,-0.11796169418383445,0.9458867531942976,0.02283116167501958,0.9257912207146939,147.0
2023-23,0.02552323758783918,0.9467038419757948,-0.08813934074607327,0.7088243872609817,190.0
2023-24,-0.01842824999069222,0.9565563024794036,-0.04238893965804789,0.8596724239845527,139.0
