week,sentiment_mean,sentiment_std,subjectivity_mean,subjectivity_std,counting
2023-19,0.07739856706914677,1.142061463260167,0.045102421954304917,0.8698105907977957,41.0
2023-20,0.09970865558522929,1.0301651520901196,0.05473786717334288,0.9806294654584834,223.0
2023-21,-0.07010469112273043,0.9673667920458338,0.08844896684783217,1.1684203551174401,433.0
2023-22,0.012398181505839698,1.0083884469478805,0.0165546021541318,0.9555372671050258,279.0
2023-23,0.028958993630628843,0.9644764991853937,-0.07356324061136768,0.9111229660221427,334.0
2023-24,-0.007203463247373949,0.9661729900022032,-0.08244358051018962,0.770587500395134,381.0
2023-25,-0.025125436698396748,0.8882936985270105,0.059569816065105446,1.0450834989571618,174.0
2023-26,-0.070067474419495,0.8572644787201378,-0.1357410122501121,0.49713757583743545,14.0
2023-27,0.15807781857017889,0.789520834516302,-0.1892754581216506,0.7771483100260205,22.0
