week,sentiment_mean,sentiment_std,subjectivity_mean,subjectivity_std,counting
2023-19,0.11570535490992391,1.1129356973125115,0.014248536573615475,0.8152260337386897,41.0
2023-20,0.1267223423387328,0.9968989983294702,0.04395245355290725,0.9519911193462816,221.0
2023-21,-0.06531133404526866,0.9218779056881297,0.09128668923663855,1.1446424817217633,368.0
2023-22,-0.0015456332466712217,1.035745805239431,0.020789041180602295,0.998908837847568,207.0
2023-23,0.042348562440886604,0.9094278257594761,-0.12026934596189727,0.7154513589646121,266.0
2023-24,-0.042584113564268576,0.974558660457441,-0.06967470285228593,0.8512815244129679,253.0
2023-25,-0.261335091121878,0.9856017289384459,0.32277462131132484,1.5360058082483978,20.0
