week,sentiment_mean,sentiment_std,subjectivity_mean,subjectivity_std,counting
2023-19,0.11228085189991441,1.1140316061306168,0.014279073467527353,0.8164014734022608,41.0
2023-20,0.1173641423821559,0.9995701713743814,0.037072998748202995,0.9449308633715349,223.0
2023-21,-0.056676240269301056,0.9206717905620234,0.09589957511812648,1.146749670976318,375.0
2023-22,0.010527403438717605,1.0327599161917165,0.02030026737851628,0.9940152414065441,212.0
2023-23,0.03877837525446839,0.9092821307773958,-0.12672505177453722,0.7155007050568927,267.0
2023-24,-0.04650893442646604,0.9820209722777397,-0.0650918574361782,0.8577744399402555,258.0
2023-25,-0.3002659378269834,0.9498943577102121,0.2836923605766619,1.4911595217423197,22.0
