week,sentiment_mean,sentiment_std,subjectivity_mean,subjectivity_std,counting
2023-19,0.07861305154997462,1.1302857729991767,0.034868521071553374,0.8645657377063537,41.0
2023-20,0.09768879855270046,1.02518660181406,0.04726040362676471,0.9725202533756963,223.0
2023-21,-0.06422976029605212,0.9668509804638846,0.08615036561287669,1.161116162900853,433.0
2023-22,0.019773130933403705,1.0081305089982042,0.010423306289805291,0.9523182077496353,279.0
2023-23,0.032089183642110025,0.9650406264779094,-0.08317858709516174,0.9030341248663012,332.0
2023-24,-0.007884323920526206,0.9512182082433179,-0.08647489542050993,0.7552831597751621,364.0
2023-25,-0.04589863035106347,0.8825469608209225,0.0779564920622211,1.0502518561482748,162.0
2023-26,0.16792237586389683,1.0103069097323287,-0.14140715696218067,0.9237972983895042,3.0
