week,sentiment_mean,sentiment_std,subjectivity_mean,subjectivity_std,counting
2023-19,0.03997257338069929,0.8741587650222572,-0.07114094306320164,0.8113112441850637,30.0
2023-20,0.14937487865525645,1.046584623301949,-0.031074683768085618,0.9051082214724332,94.0
2023-21,-0.2441857456274586,0.7338863850934941,0.13266820487731407,1.2984245960821539,92.0
2023-22,-0.06023808133022711,0.9734032670095736,0.07356618541779332,0.830518182146546,66.0
2023-23,0.04221282202246827,1.0049044430959715,-0.08785295810398125,0.7869701671670787,115.0
2023-24,0.3656625191255513,0.7649376264260922,0.17325907241012334,0.7607385921557722,20.0
