week,sentiment_mean,sentiment_std,subjectivity_mean,subjectivity_std,counting
2023-19,0.14090015822639032,1.119423401259603,0.10157960314509346,0.9587562752694873,41.0
2023-20,0.1560558445155516,0.9955065376440185,-0.04509662410122175,0.9471880650998454,179.0
2023-21,-0.08294741898491134,0.8220038298967313,0.08608716695728713,1.1960276943575248,187.0
2023-22,-0.11516363797437679,0.97046257789062,0.03267375033352269,0.9771245235050131,131.0
2023-23,0.03431490528315111,0.9998673900300477,-0.0550049970639483,0.7354200574640304,176.0
2023-24,-0.056974009458097205,0.9310587193841315,-0.021094637637741262,0.8076509432404132,119.0
