week,sentiment_mean,sentiment_std,subjectivity_mean,subjectivity_std,counting
2023-19,0.13796471911220684,1.0281598878520415,-0.06509453459147298,0.8008249494833691,10.0
2023-20,0.18820263723193412,1.0307761734053251,-0.0017464039743102485,1.0112984975735817,43.0
2023-21,-0.20634645641904265,0.697785202406064,-0.04045862493747776,0.925585674411059,46.0
2023-22,-0.11411874844113326,0.9964747927912962,0.30927903760380765,0.8462194120203457,36.0
2023-23,-0.0016806186341433553,0.9168242386330145,-0.1509128844002177,0.8695939205053372,75.0
2023-24,0.3702013416609213,0.8488578032227639,0.331871045517575,1.0264787518639034,13.0
